-- MySQL dump 10.13  Distrib 8.0.34, for Win64 (x86_64)
--
-- Host: 85.239.241.150    Database: tiendamotos
-- ------------------------------------------------------
-- Server version	8.0.41

/*!40101 SET @OLD_CHARACTER_SET_CLIENT=@@CHARACTER_SET_CLIENT */;
/*!40101 SET @OLD_CHARACTER_SET_RESULTS=@@CHARACTER_SET_RESULTS */;
/*!40101 SET @OLD_COLLATION_CONNECTION=@@COLLATION_CONNECTION */;
/*!50503 SET NAMES utf8 */;
/*!40103 SET @OLD_TIME_ZONE=@@TIME_ZONE */;
/*!40103 SET TIME_ZONE='+00:00' */;
/*!40014 SET @OLD_UNIQUE_CHECKS=@@UNIQUE_CHECKS, UNIQUE_CHECKS=0 */;
/*!40014 SET @OLD_FOREIGN_KEY_CHECKS=@@FOREIGN_KEY_CHECKS, FOREIGN_KEY_CHECKS=0 */;
/*!40101 SET @OLD_SQL_MODE=@@SQL_MODE, SQL_MODE='NO_AUTO_VALUE_ON_ZERO' */;
/*!40111 SET @OLD_SQL_NOTES=@@SQL_NOTES, SQL_NOTES=0 */;

--
-- Table structure for table `carrito`
--

DROP TABLE IF EXISTS `carrito`;
/*!40101 SET @saved_cs_client     = @@character_set_client */;
/*!50503 SET character_set_client = utf8mb4 */;
CREATE TABLE `carrito` (
  `idcarrito` int NOT NULL AUTO_INCREMENT,
  `idproducto` int DEFAULT NULL,
  `iduser` int DEFAULT NULL,
  `cantidad` int DEFAULT NULL,
  PRIMARY KEY (`idcarrito`),
  KEY `idproducto` (`idproducto`),
  KEY `iduser` (`iduser`),
  CONSTRAINT `carrito_ibfk_1` FOREIGN KEY (`idproducto`) REFERENCES `producto` (`idproducto`),
  CONSTRAINT `carrito_ibfk_2` FOREIGN KEY (`iduser`) REFERENCES `user` (`iduser`)
) ENGINE=InnoDB AUTO_INCREMENT=35 DEFAULT CHARSET=utf8mb4 COLLATE=utf8mb4_general_ci;
/*!40101 SET character_set_client = @saved_cs_client */;

--
-- Dumping data for table `carrito`
--

LOCK TABLES `carrito` WRITE;
/*!40000 ALTER TABLE `carrito` DISABLE KEYS */;
INSERT INTO `carrito` VALUES (7,1024,2,4),(9,1038,2,1),(11,1091,2,5),(12,1089,2,2),(13,1,20,2),(14,4,20,3),(15,1000,20,1),(16,1001,21,2),(17,1,21,1),(18,3,21,1),(19,1010,21,1),(21,1,22,2),(22,1092,2,3),(23,3,27,3),(24,4,27,4),(25,1090,2,3),(26,1097,2,2),(27,1001,2,1),(28,1012,2,1),(29,1085,2,1),(30,1,35,2),(34,1099,2,2);
/*!40000 ALTER TABLE `carrito` ENABLE KEYS */;
UNLOCK TABLES;

--
-- Table structure for table `categoria`
--

DROP TABLE IF EXISTS `categoria`;
/*!40101 SET @saved_cs_client     = @@character_set_client */;
/*!50503 SET character_set_client = utf8mb4 */;
CREATE TABLE `categoria` (
  `idcategoria` int NOT NULL AUTO_INCREMENT,
  `nombre` varchar(150) COLLATE utf8mb4_general_ci NOT NULL,
  `img1` varchar(300) COLLATE utf8mb4_general_ci DEFAULT NULL,
  PRIMARY KEY (`idcategoria`),
  UNIQUE KEY `nombre` (`nombre`)
) ENGINE=InnoDB AUTO_INCREMENT=34 DEFAULT CHARSET=utf8mb4 COLLATE=utf8mb4_general_ci;
/*!40101 SET character_set_client = @saved_cs_client */;

--
-- Dumping data for table `categoria`
--

LOCK TABLES `categoria` WRITE;
/*!40000 ALTER TABLE `categoria` DISABLE KEYS */;
INSERT INTO `categoria` VALUES (1,'FRENOS','c7a5519f2ac14d86ba688a46d9617adb.jpg'),(2,'ACEITES','5b06f93518b54d43a3ecd2733ebc19a4.jpg'),(3,'GUAYAS','categoria.png'),(4,'GENERICO','categoria.png'),(5,'bujias','categoria.png'),(30,'guantes',NULL),(31,'xxx','categoria.png'),(32,'luces','categoria.png'),(33,'Tornilleria ','5062f403315e4af3850b95cc1012c506.jpg');
/*!40000 ALTER TABLE `categoria` ENABLE KEYS */;
UNLOCK TABLES;

--
-- Table structure for table `producto`
--

DROP TABLE IF EXISTS `producto`;
/*!40101 SET @saved_cs_client     = @@character_set_client */;
/*!50503 SET character_set_client = utf8mb4 */;
CREATE TABLE `producto` (
  `idproducto` int NOT NULL AUTO_INCREMENT,
  `precio` float NOT NULL,
  `descripcion` varchar(300) COLLATE utf8mb4_general_ci DEFAULT NULL,
  `img1` varchar(300) COLLATE utf8mb4_general_ci DEFAULT NULL,
  `img2` varchar(300) COLLATE utf8mb4_general_ci DEFAULT NULL,
  `img3` varchar(300) COLLATE utf8mb4_general_ci DEFAULT NULL,
  `img4` varchar(300) COLLATE utf8mb4_general_ci DEFAULT NULL,
  `idcategoria` int DEFAULT NULL,
  `nombre` varchar(300) COLLATE utf8mb4_general_ci NOT NULL,
  `stock` int DEFAULT '1',
  `pordes` int DEFAULT '0',
  `descuento` float DEFAULT '0',
  `iva` int DEFAULT '0',
  PRIMARY KEY (`idproducto`),
  KEY `idcategoria` (`idcategoria`),
  CONSTRAINT `producto_ibfk_1` FOREIGN KEY (`idcategoria`) REFERENCES `categoria` (`idcategoria`)
) ENGINE=InnoDB AUTO_INCREMENT=1100 DEFAULT CHARSET=utf8mb4 COLLATE=utf8mb4_general_ci;
/*!40101 SET character_set_client = @saved_cs_client */;

--
-- Dumping data for table `producto`
--

LOCK TABLES `producto` WRITE;
/*!40000 ALTER TABLE `producto` DISABLE KEYS */;
INSERT INTO `producto` VALUES (1,500000,'PASTILLAS ','d7fd357e99444982984bf2ed4e4483c1.jfif','034f543e20ae4783a1300d42d81105c7.jfif','dfcb9f31b59a4c6198fb5d4e9c182d24.jpg','productos.png',1,'PASTILLA DE FRENO ',80,10,50000,19),(2,3000,'','d154be17d578460f8964690d3a52160e.jfif','productos.png','productos.png','productos.png',3,'PRUEA2',12,0,0,10),(3,25000,'BOMBA DE AIRE PARA MOTO Y BALONES','productos.png','0153a0f33db34d66a3ad47c4a34c16d1.jfif','productos.png','productos.png',1,'PRUEBA3',122,0,0,0),(4,12000,'bujia temperatura','5d9fec73f3034520a78f40e589ae5c07.jfif','69fa727f5b3748768d721df0ac4f072b.jfif','productos.png','productos.png',5,' BUJIAS',12,0,0,0),(1000,6000,'AnDy','','0','0','',30,'GUANTE INGENIERO VAQUETA BLANCO REFUERZO PALMA',NULL,NULL,NULL,NULL),(1001,5700,'AnDy','','0','0','',30,'GUANTE INGENIERO VAQUETA REFUERZO PALMA\r',NULL,NULL,NULL,NULL),(1002,5300,'AnDy','','0','0','',30,'GUANTE INGENIERO VAQUETA SENCILLO\r',NULL,NULL,NULL,NULL),(1003,7500,'AnDy','','0','0','',30,'GUANTE INGENIERO VAQUETA REFUERZO COMPLETO VAQUETA\r',NULL,NULL,NULL,NULL),(1004,6700,'AnDy','','0','0','',30,'GUANTE INGENIERO VAQUETA REFUERZO COMPLETO CARNAZA\r',NULL,NULL,NULL,NULL),(1005,6000,'AnDy','','0','0','',30,'GUANTE INGENIERO VAQUETA REFUERZO EN PALMA VAQUETA CON REFUERZO DEDO INDICE Y PULGAR\r',NULL,NULL,NULL,NULL),(1006,5900,'AnDy','','0','0','',30,'GUANTE INGENIERO VAQUETA REFUERZO EN PALMA MANGA CORTA EN VAQUETA\r',NULL,NULL,NULL,NULL),(1008,7000,'AnDy','','0','0','',30,'GUANTE INGENIERO VAQUETA REFUERZO PALMA EN VAQUETA MANGA LARGA EN CARNAZA\r',NULL,NULL,NULL,NULL),(1009,5200,'AnDy','','0','0','',30,'GUANTE INGENIERO VAQUETA REFUERZO PALMA EN CARNAZA\r',NULL,NULL,NULL,NULL),(1010,6200,'AnDy','','0','0','',30,'GUANTE VAQUETA EXTRA LARGO REFUERZO COMPLETO EN VAQUETA\r',NULL,NULL,NULL,NULL),(1011,5500,'AnDy','','0','0','',30,'GUANTE INGENIERO MIXTO REFUERZO EN PALMA CARNAZA\r',NULL,NULL,NULL,NULL),(1012,6200,'AnDy','','0','0','',30,'GUANTE INGENIERO EXTRA GRANDE MIXTO REFUERZO COMPLETO EN VAQUETA\r',NULL,NULL,NULL,NULL),(1013,7500,'AnDy','','0','0','',30,'GUANTE INGENIERO REFUERZO EN PALMA Y MANGA EN VAQUETA 3/4\r',NULL,NULL,NULL,NULL),(1014,7200,'AnDy','','0','0','',30,'GUANTE INGENIERO SENCILLO MANGA 3/4 VAQUETA\r',NULL,NULL,NULL,NULL),(1015,6700,'AnDy','','0','0','',30,'GUANTE INGENIERO REFORZADO EN PALMA VAQUETA Y MANGA EN CARNAZA 3/4\r',NULL,NULL,NULL,NULL),(1016,5500,'AnDy','','0','0','',30,'GUANTE INGENIERO CARNAZA REFUERZO EN VAQUETA COMPLETO\r',NULL,NULL,NULL,NULL),(1017,5120,'AnDy','','0','0','',30,'GUANTE INGENIERO CARNAZA REFUERZO COMPLETO TRANSEJES\r',NULL,NULL,NULL,NULL),(1018,4000,'AnDy','','0','0','',30,'GUANTE INGENIERO CARNAZA REFUERZO PALMA EN CARNAZA\r',NULL,NULL,NULL,NULL),(1019,6500,'AnDy','','0','0','',30,'GUANTE INGENIERO SENCILLO MANGA 3/4 CARNAZA\r',NULL,NULL,NULL,NULL),(1020,14700,'AnDy','','0','0','',30,'GUANTE INGENIERO SENCILLO PEGADO A LA MANGA SOLDADOR\r',NULL,NULL,NULL,NULL),(1021,5900,'AnDy','','0','0','',30,'GUANTE INGENIERO BARRIDO\r',NULL,NULL,NULL,NULL),(1022,7500,'AnDy','','0','0','',30,'GUANTE INGENIERO RECOLECCION\r',NULL,NULL,NULL,NULL),(1023,12000,'AnDy','','0','0','',30,'GUANTE ESPECIAL PALMERO VAQUETA REFUERZO COMPLETO Y MANGA EN VAQUETA\r',NULL,NULL,NULL,NULL),(1024,6000,'AnDy','','0','0','',30,'GUANTE PALMERO CARNAZA REFUERCO COMPLETO VAQUETA CORTO\r',NULL,NULL,NULL,NULL),(1025,7500,'AnDy','','0','0','',30,'GUANTE PALMERO CARNAZA REFUERZO COMPLETO EN VAQUETA MANGA LARGA\r',NULL,NULL,NULL,NULL),(1026,7000,'AnDy','','0','0','',30,'GUANTE PALMERO CARNAZA REFUERZO COMPLETO EN VAQUETA MANGA 3/4\r',NULL,NULL,NULL,NULL),(1027,8700,'AnDy','','0','0','',30,'GUANTE PALMERO CARNAZA REFUERZO COMPLETO EN TULA\r',NULL,NULL,NULL,NULL),(1028,5500,'AnDy','','0','0','',30,'GUANTE CARNAZA PALMERO REFUERZO COMPLETO EN CARNAZA MANGA CORTA\r',NULL,NULL,NULL,NULL),(1029,6000,'AnDy','','0','0','',30,'GUANTE CARNAZA REFUERZO COMPLETO CARNAZA MANGA LARGA\r',NULL,NULL,NULL,NULL),(1030,9500,'AnDy','','0','0','',30,'GUANTE SOLDADOR SENCILLO EN CARNAZA\r',NULL,NULL,NULL,NULL),(1031,12000,'AnDy','','0','0','',30,'GUANTE SOLDADOR CARNAZA REFUERZO COMPLETO EN VAQUETA\r',NULL,NULL,NULL,NULL),(1032,4800,'AnDy','','0','0','',30,'GUANTE CICLISTA MIXTO\r',NULL,NULL,NULL,NULL),(1033,8000,'AnDy','','0','0','',30,'GUANTE CICLISTA EN VAQUETA\r',NULL,NULL,NULL,NULL),(1034,7500,'AnDy','','0','0','',30,'GUANTE CICLISTA VAQUETA REFUERZO VAQUETA CON ESPUMA\r',NULL,NULL,NULL,NULL),(1035,10000,'AnDy','','0','0','',30,'GUANTE PANADERO\r',NULL,NULL,NULL,NULL),(1036,15000,'AnDy','','0','0','',30,'GUANTE PARA MOTO\r',NULL,NULL,NULL,NULL),(1037,9500,'AnDy','','0','0','',30,'POLAINA EN CARNAZA CORTA\r',NULL,NULL,NULL,NULL),(1038,12000,'AnDy','','0','0','',30,'POLAINA EN CARNAZA LARGA\r',NULL,NULL,NULL,NULL),(1039,34000,'AnDy','','0','0','',30,'POLAINA TULA\r',NULL,NULL,NULL,NULL),(1040,9500,'AnDy','','0','0','',30,'PETO CARNAZA 90 X 60\r',NULL,NULL,NULL,NULL),(1041,19000,'AnDy','','0','0','',30,'PETO VAQUETA 90 X 60\r',NULL,NULL,NULL,NULL),(1042,25000,'AnDy','','0','0','',30,'PETO VAQUETA 60 X 120\r',NULL,NULL,NULL,NULL),(1043,12000,'AnDy','','0','0','',30,'PETO CARNAZA 60 X 120\r',NULL,NULL,NULL,NULL),(1044,28000,'AnDy','','0','0','',30,'PETO EN TULA 90 X 60\r',NULL,NULL,NULL,NULL),(1045,19000,'AnDy','','0','0','',30,'PETO CARNAZA DOBLE 90 X 60\r',NULL,NULL,NULL,NULL),(1046,29000,'AnDy','','0','0','',30,'CHAQUETA VAQUETA SOLDADOR\r',NULL,NULL,NULL,NULL),(1047,300,'AnDy','','0','0','',30,'TAPABOCAS COMPUTELL\r',NULL,NULL,NULL,NULL),(1048,9000,'AnDy','','0','0','',30,'MANGA CARNAZA\r',NULL,NULL,NULL,NULL),(1049,19000,'AnDy','','0','0','',30,'MANGA VAQUETA\r',NULL,NULL,NULL,NULL),(1050,28000,'AnDy','','0','0','',30,'MANGA TULA\r',NULL,NULL,NULL,NULL),(1051,5000,'Administrador d','','0','0','',30,'PETICION HORUN MOTORIZADO\r',NULL,NULL,NULL,NULL),(1052,40000,'Administrador d','1000','0','0','a12',30,'BODIARMO\r',NULL,NULL,NULL,NULL),(1053,130000,'Administrador d','','0','0','I1',30,'OSOS\r',NULL,NULL,NULL,NULL),(1054,11000,'Administrador d','','0','0','',30,'CAJAS ZAPATERA\r',NULL,NULL,NULL,NULL),(1055,10000,'Administrador d','','0','0','',30,'GLOBOS\r',NULL,NULL,NULL,NULL),(1056,3000,'Administrador d','','0','0','',30,'BOMBAS\r',NULL,NULL,NULL,NULL),(1057,70000,'Administrador d','','0','0','',30,'EXTINTIOR DE 10 LIBRAS\r',NULL,NULL,NULL,NULL),(1058,30000,'DAVID ALEJANDRO','','0','0','P1I2',30,'ACEITE MOTUL\r',NULL,NULL,NULL,NULL),(1059,14000,'ANDRES PE?A VEL','','0','0','',30,'DIRECCIONALES MOTOS\r',NULL,NULL,NULL,NULL),(1060,28000,'ANDRES PE?A VEL','','0','0','',30,'ACEITE DICXOIL\r',NULL,NULL,NULL,NULL),(1061,28000,'ANDRES PE?A VEL','','0','0','',30,'ACEITE ADVANCE\r',NULL,NULL,NULL,NULL),(1062,28000,'ANDRES PE?A VEL','','0','0','',30,'ACEITE SUPER MOVIL\r',NULL,NULL,NULL,NULL),(1063,25000,'ANDRES PE?A VEL','','0','0','',30,'ACEITE CASTROL\r',NULL,NULL,NULL,NULL),(1064,36000,'ANDRES PE?A VEL','','0','0','',30,'ACEITE YAMALUBE\r',NULL,NULL,NULL,NULL),(1065,35000,'ANDRES PE?A VEL','','0','0','',30,'ACEITE HAVOLINE\r',NULL,NULL,NULL,NULL),(1066,40000,'ANDRES PE?A VEL','','0','0','',30,'ACEITE HONDA\r',NULL,NULL,NULL,NULL),(1067,37000,'ANDRES PE?A VEL','','0','0','',30,'ACEITE MOTUL\r',NULL,NULL,NULL,NULL),(1068,25000,'ANDRES PE?A VEL','','0','0','',30,'ACEITE CELERITY\r',NULL,NULL,NULL,NULL),(1069,22000,'ANDRES PE?A VEL','','0','0','',30,'CERA BRILLA MAX\r',NULL,NULL,NULL,NULL),(1070,22000,'ANDRES PE?A VEL','','0','0','',30,'LLANTYL\r',NULL,NULL,NULL,NULL),(1071,15000,'ANDRES PE?A VEL','','0','0','',30,'LIQUIDO DE FRENOS\r',NULL,NULL,NULL,NULL),(1072,25000,'ANDRES PE?A VEL','','0','0','',30,'ACEITE HIDRAULICO\r',NULL,NULL,NULL,NULL),(1073,10000,'ANDRES PE?A VEL','','0','0','',30,'GRASA DE CADENA\r',NULL,NULL,NULL,NULL),(1074,120000,'ANDRES PE?A VEL','','0','0','',30,'FRENO DE DISCO  PULSAR 180\r',NULL,NULL,NULL,NULL),(1075,180000,'ANDRES PE?A VEL','','0','0','',30,'RELACION COMPLETA PLATO, CADENA, PI?ON PULSAR 180\r',NULL,NULL,NULL,NULL),(1076,115000,'ANDRES PE?A VEL','','0','0','',30,'RELACION COMPLETA PULSAR 135\r',NULL,NULL,NULL,NULL),(1077,150000,'ANDRES PE?A VEL','','0','0','',30,'RELACION COMPLETA DT\r',NULL,NULL,NULL,NULL),(1078,120000,'ANDRES PE?A VEL','','0','0','',30,'FRENO DE DISCO 135\r',NULL,NULL,NULL,NULL),(1079,40000,'ANDRES PE?A VEL','','0','0','',30,'PLATO GENERICO\r',NULL,NULL,NULL,NULL),(1080,33000,'ANDRES PE?A VEL','','0','0','',30,'CADENA  428\r',NULL,NULL,NULL,NULL),(1081,35000,'ANDRES PE?A VEL','','0','0','',30,'CADENA 520\r',NULL,NULL,NULL,NULL),(1082,25000,'ANDRES PE?A VEL','','0','0','',30,'PASTILLAS DE FRENO DELANTERA\r',NULL,NULL,NULL,NULL),(1083,25000,'ANDRES PE?A VEL','','0','0','',30,'PASTILLA DE FRENO TRASERO\r',NULL,NULL,NULL,NULL),(1084,25000,'ANDRES PE?A VEL','','0','0','',30,'BANDAS DE FRENO\r',NULL,NULL,NULL,NULL),(1085,12000,'ANDRES PE?A VEL','','0','0','',30,'CAUCHOS CAMPANA FRENO\r',NULL,NULL,NULL,NULL),(1086,55000,'ANDRES PE?A VEL','','0','0','',30,'BOMBAS DE FRENO\r',NULL,NULL,NULL,NULL),(1087,60000,'ANDRES PE?A VEL','','0','0','',30,'DISCOS DE CLOSH\r',NULL,NULL,NULL,NULL),(1088,12000,'ANDRES PE?A VEL','','0','0','',30,'MANILARES\r',NULL,NULL,NULL,NULL),(1089,25000,'ANDRES PE?A VEL','','0','0','',30,'MANIGUETA\r',NULL,NULL,NULL,NULL),(1090,250000,'caco cerrado con normas iso','249297afa227479ca13db30440be88c3.webp','fe19dd16cd754534ab88024e1f8ae04f.webp','60ea3b424cb84d86a8755247f75d1277.webp','37c7ea491ae2494db74294cb4f20d82f.jfif',4,'caco cerrado certificado ',NULL,NULL,NULL,NULL),(1091,35000,'luz led direccionales ','2824930e64564667b65184754a2aabe2.jpg','035f3815bdab4e5893c6ceb51a7e1127.jpg','0faf0c13eaec4f3e8f2e1b58e551f798.jpg','33f9481692cd43e3b66961796bd4efe7.jpg',32,'LUZ LED',NULL,NULL,NULL,NULL),(1092,40000,'Bujías para diferentes tipos de clima','bfab762ab80b4d2d8f0f102fce4dd5ed.jpg','8c5dce8acfe34e47ae6396a1bc575584.jpg','productos.png','productos.png',5,'Bujías temperatura calor',NULL,NULL,NULL,NULL),(1093,500000,'Casco deportivo genérico ','439a27adfefd4053972753964f93100e.jpg','b4b290f583f84d62809c634aca552f12.jpg','aaab54e6be644bacaba96409b079007f.jpg','0ca4aa7f7a034503aa807be0aa6a88db.jpg',4,'Casco deportivo ',NULL,NULL,NULL,NULL),(1094,5000,'','productos.png','productos.png','productos.png','productos.png',1,'TORNILLOS DE ROSCA WEB',200,50,2500,NULL),(1095,10000,'','productos.png','productos.png','productos.png','productos.png',1,'TORNILLOS DE ROSCA WEB',200,20,2000,NULL),(1097,300000,'Rin para moto 17','96d93ed63df74307bd63ee0433df3f73.jpg','productos.png','productos.png','productos.png',4,'RIN 17',4,0,0,NULL),(1098,8000,'Luz neón para carcasas ','5e5936c629f447c880cbe8b51d372da0.jpg','a41f81363c0e4d24837e20ab69ee9127.jpg','5a3fab8be4ba45a2bf5743e99979b2b3.jpg','productos.png',32,'LUZ NEÓN ',12,0,0,10),(1099,60000,'','c3b0f3a9b05d4c378a782da9f13480ad.png','productos.png','productos.png','productos.png',4,'DEFENSAS',100,0,0,0);
/*!40000 ALTER TABLE `producto` ENABLE KEYS */;
UNLOCK TABLES;

--
-- Table structure for table `user`
--

DROP TABLE IF EXISTS `user`;
/*!40101 SET @saved_cs_client     = @@character_set_client */;
/*!50503 SET character_set_client = utf8mb4 */;
CREATE TABLE `user` (
  `iduser` int NOT NULL AUTO_INCREMENT,
  `nameuser` varchar(90) COLLATE utf8mb4_general_ci NOT NULL,
  `passworduser` varchar(300) COLLATE utf8mb4_general_ci NOT NULL,
  `nombre` varchar(90) COLLATE utf8mb4_general_ci DEFAULT NULL,
  `telefono` varchar(90) COLLATE utf8mb4_general_ci DEFAULT NULL,
  `correo` varchar(90) COLLATE utf8mb4_general_ci DEFAULT NULL,
  `cedula` varchar(90) COLLATE utf8mb4_general_ci DEFAULT NULL,
  `imgper` varchar(300) COLLATE utf8mb4_general_ci DEFAULT NULL,
  `feccre` date DEFAULT NULL,
  `tipousu` int DEFAULT NULL,
  PRIMARY KEY (`iduser`),
  UNIQUE KEY `nameuser` (`nameuser`)
) ENGINE=InnoDB AUTO_INCREMENT=43 DEFAULT CHARSET=utf8mb4 COLLATE=utf8mb4_general_ci;
/*!40101 SET character_set_client = @saved_cs_client */;

--
-- Dumping data for table `user`
--

LOCK TABLES `user` WRITE;
/*!40000 ALTER TABLE `user` DISABLE KEYS */;
INSERT INTO `user` VALUES (1,'andy123','1234','asdfasd','2r3','ANDETAZZ@GMAIL.COM','999999',NULL,NULL,2),(2,'andres','1234','andres123','12345','ANDETAZZ87@GMAIL.COM','12356','usuario.png',NULL,1),(3,'andres1','123','andres1','1234','ANDETAZZ@GMAIL.COM','1234','usuario.png',NULL,1),(5,'andy1','123','andy1','123','ANDETAZZ@GMAIL.COM','123',NULL,NULL,NULL),(6,'paco','1234','DD','123','ANDETAZZ@GMAIL.COM','123','usuario.png',NULL,NULL),(17,'miguel','1234','miguel tejedor','412543613','migueltejedor@gmail.com','123456789','perrito.gif',NULL,1),(18,'alejandro','1234','alejandro reyes','12532','alejandroreyes@gmail.com','2514356','img1_674fdc3ddb87f.png',NULL,2),(19,'Angelica','12345678',NULL,NULL,NULL,NULL,NULL,NULL,NULL),(20,'Angel','1234',NULL,NULL,NULL,NULL,NULL,NULL,NULL),(21,'Deivi','112233444',NULL,NULL,NULL,NULL,NULL,NULL,NULL),(22,'Pez','1234',NULL,NULL,NULL,NULL,NULL,NULL,NULL),(23,'Tercero','1234','','','','233','usuario.png',NULL,1),(27,'Miguel2','1234',NULL,NULL,NULL,NULL,NULL,NULL,NULL),(28,'Diana Celis','Nico0729','DIANA CELIS PINEDA','3186426194','dianita8626@gmail.com','1098627368','usuario.png',NULL,3),(29,'pacho','1234',NULL,NULL,NULL,NULL,NULL,NULL,NULL),(32,'wiwi','1234',NULL,NULL,NULL,NULL,NULL,NULL,NULL),(34,'Heber.d','1097332123',NULL,NULL,NULL,NULL,NULL,NULL,NULL),(35,'Cucho','1234',NULL,NULL,NULL,NULL,NULL,NULL,NULL),(36,'tato','123456','toto venegas','1241234','toto@gmail.com','234324234','Captura_de_pantalla_2023-12-02_215640.png',NULL,1),(42,'Tocamelas','1234','Anderspn menes ','','','110175383463','Screenshot_20250301_030622_com.facebook.katana.jpg',NULL,1);
/*!40000 ALTER TABLE `user` ENABLE KEYS */;
UNLOCK TABLES;

--
-- Table structure for table `ventas_d`
--

DROP TABLE IF EXISTS `ventas_d`;
/*!40101 SET @saved_cs_client     = @@character_set_client */;
/*!50503 SET character_set_client = utf8mb4 */;
CREATE TABLE `ventas_d` (
  `iddetalle` int NOT NULL AUTO_INCREMENT,
  `idventa` int DEFAULT NULL,
  `idproducto` int DEFAULT NULL,
  `nro_docu` varchar(90) COLLATE utf8mb4_general_ci DEFAULT NULL,
  `fecha` date DEFAULT NULL,
  `precio` float NOT NULL,
  `cantidad` int NOT NULL,
  `iva` int DEFAULT NULL,
  `descuento` float DEFAULT NULL,
  `total` float DEFAULT NULL,
  PRIMARY KEY (`iddetalle`),
  KEY `idventa` (`idventa`),
  KEY `idproducto` (`idproducto`),
  CONSTRAINT `ventas_d_ibfk_1` FOREIGN KEY (`idventa`) REFERENCES `ventas_t` (`idventa`),
  CONSTRAINT `ventas_d_ibfk_2` FOREIGN KEY (`idproducto`) REFERENCES `producto` (`idproducto`)
) ENGINE=InnoDB AUTO_INCREMENT=80 DEFAULT CHARSET=utf8mb4 COLLATE=utf8mb4_general_ci;
/*!40101 SET character_set_client = @saved_cs_client */;

--
-- Dumping data for table `ventas_d`
--

LOCK TABLES `ventas_d` WRITE;
/*!40000 ALTER TABLE `ventas_d` DISABLE KEYS */;
INSERT INTO `ventas_d` VALUES (1,1,1024,NULL,NULL,6000,4,0,0,24000),(2,2,3,NULL,NULL,25000,5,0,0,125000),(3,2,1024,NULL,NULL,6000,4,0,0,24000),(4,2,2,NULL,NULL,3000,9,0,0,27000),(5,3,2,NULL,NULL,3000,9,0,0,27000),(6,4,3,NULL,NULL,25000,5,0,0,125000),(7,5,1024,NULL,NULL,6000,4,0,0,24000),(8,5,1038,NULL,NULL,12000,1,0,0,12000),(9,6,1024,NULL,NULL,6000,4,0,0,24000),(10,6,1,NULL,NULL,500000,5,0,0,2500000),(11,7,1038,NULL,NULL,12000,1,0,0,12000),(12,7,1,NULL,NULL,500000,7,0,0,3500000),(13,8,1,NULL,NULL,500000,7,0,0,3500000),(14,9,2,NULL,NULL,3000,7,0,0,21000),(15,10,1038,NULL,'2025-03-15',12000,1,0,0,12000),(16,10,1,NULL,'2025-03-15',500000,7,0,0,3500000),(17,11,1038,NULL,'2025-03-15',12000,1,0,0,12000),(18,11,1,NULL,'2025-03-15',500000,7,0,0,3500000),(19,12,3,NULL,'2025-03-15',25000,5,0,0,125000),(20,12,1024,NULL,'2025-03-15',6000,4,0,0,24000),(21,13,3,NULL,'2025-03-28',25000,5,0,0,125000),(22,13,1024,NULL,'2025-03-28',6000,4,0,0,24000),(23,14,1024,NULL,'2025-03-28',6000,4,0,0,24000),(24,15,3,NULL,'2025-03-28',25000,5,0,0,125000),(25,15,1024,NULL,'2025-03-28',6000,4,0,0,24000),(26,16,3,NULL,'2025-03-28',25000,5,0,0,125000),(27,17,3,NULL,'2025-03-28',25000,5,0,0,125000),(28,17,1024,NULL,'2025-03-28',6000,4,0,0,24000),(29,18,3,NULL,'2025-03-28',25000,5,0,0,125000),(30,18,1024,NULL,'2025-03-28',6000,4,0,0,24000),(31,19,3,NULL,'2025-03-28',25000,5,0,0,125000),(32,19,1024,NULL,'2025-03-28',6000,4,0,0,24000),(33,20,3,NULL,'2025-03-28',25000,7,0,0,175000),(34,20,1024,NULL,'2025-03-28',6000,1,0,0,6000),(35,21,1,NULL,'2025-03-28',500000,1,0,0,500000),(36,22,3,NULL,'2025-03-28',25000,1,0,0,25000),(37,22,1024,NULL,'2025-03-28',6000,2,0,0,12000),(38,23,3,NULL,'2025-03-28',25000,3,0,0,75000),(39,23,1024,NULL,'2025-03-28',6000,7,0,0,42000),(40,24,3,NULL,'2025-04-07',25000,5,0,0,125000),(41,24,1024,NULL,'2025-04-07',6000,4,0,0,24000),(42,25,3,NULL,'2025-04-07',25000,5,0,0,125000),(43,25,1,NULL,'2025-04-07',500000,4,0,0,2000000),(44,26,1091,NULL,'2025-04-07',35000,5,0,0,175000),(45,26,1089,NULL,'2025-04-07',25000,2,0,0,50000),(46,27,1091,NULL,'2025-04-07',35000,5,0,0,175000),(47,27,1089,NULL,'2025-04-07',25000,2,0,0,50000),(48,28,1,NULL,'2025-04-07',500000,2,0,0,1000000),(49,28,4,NULL,'2025-04-07',12000,3,0,0,36000),(50,28,1000,NULL,'2025-04-07',6000,1,0,0,6000),(51,29,1091,NULL,'2025-04-07',35000,5,0,0,175000),(52,30,1001,NULL,'2025-04-08',5700,2,0,0,11400),(53,30,1,NULL,'2025-04-08',500000,1,0,0,500000),(54,30,3,NULL,'2025-04-08',25000,1,0,0,25000),(55,30,1010,NULL,'2025-04-08',6200,6,0,0,37200),(56,31,1001,NULL,'2025-04-08',5700,2,0,0,11400),(57,31,1,NULL,'2025-04-08',500000,1,0,0,500000),(58,31,3,NULL,'2025-04-08',25000,1,0,0,25000),(59,31,1010,NULL,'2025-04-08',6200,6,0,0,37200),(60,32,1,NULL,'2025-04-08',500000,4,0,0,2000000),(61,33,3,NULL,'2025-04-08',25000,5,0,0,125000),(62,33,1024,NULL,'2025-04-08',6000,4,0,0,24000),(63,33,2,NULL,'2025-04-08',3000,7,0,0,21000),(64,33,1038,NULL,'2025-04-08',12000,1,0,0,12000),(65,33,1,NULL,'2025-04-08',500000,1,0,0,500000),(66,33,1091,NULL,'2025-04-08',35000,5,0,0,175000),(67,34,1,NULL,'2025-04-08',500000,2,0,0,1000000),(68,35,1092,NULL,'2025-04-08',40000,3,0,0,120000),(69,36,3,NULL,'2025-04-09',25000,5,0,0,125000),(70,37,1091,NULL,'2025-04-11',35000,5,0,0,175000),(71,38,1090,NULL,'2025-04-12',250000,4,0,0,1000000),(72,39,1097,NULL,'2025-04-13',300000,2,0,0,600000),(73,42,4,NULL,'2025-04-19',12000,1,0,0,12000),(74,43,3,NULL,'2025-04-19',25000,2,0,0,50000),(75,43,2,NULL,'2025-04-19',3000,4,0,0,12000),(76,44,1,NULL,'2025-04-19',500000,1,0,50000,450000),(77,45,1,NULL,'2025-04-19',500000,2,171000,100000,1071000),(78,45,2,NULL,'2025-04-19',3000,5,1500,0,16500),(79,46,1098,NULL,'2025-04-19',8000,2,1600,0,17600);
/*!40000 ALTER TABLE `ventas_d` ENABLE KEYS */;
UNLOCK TABLES;

--
-- Table structure for table `ventas_t`
--

DROP TABLE IF EXISTS `ventas_t`;
/*!40101 SET @saved_cs_client     = @@character_set_client */;
/*!50503 SET character_set_client = utf8mb4 */;
CREATE TABLE `ventas_t` (
  `idventa` int NOT NULL AUTO_INCREMENT,
  `iduser` int DEFAULT NULL,
  `nro_docu` varchar(90) COLLATE utf8mb4_general_ci DEFAULT NULL,
  `fecha` date DEFAULT NULL,
  `f_vto` date DEFAULT NULL,
  `subtotal` float DEFAULT NULL,
  `iva` float DEFAULT NULL,
  `descuento` float DEFAULT NULL,
  `total` float DEFAULT NULL,
  `observacion` varchar(300) COLLATE utf8mb4_general_ci DEFAULT NULL,
  PRIMARY KEY (`idventa`),
  KEY `iduser` (`iduser`),
  CONSTRAINT `ventas_t_ibfk_1` FOREIGN KEY (`iduser`) REFERENCES `user` (`iduser`)
) ENGINE=InnoDB AUTO_INCREMENT=47 DEFAULT CHARSET=utf8mb4 COLLATE=utf8mb4_general_ci;
/*!40101 SET character_set_client = @saved_cs_client */;

--
-- Dumping data for table `ventas_t`
--

LOCK TABLES `ventas_t` WRITE;
/*!40000 ALTER TABLE `ventas_t` DISABLE KEYS */;
INSERT INTO `ventas_t` VALUES (1,2,NULL,NULL,NULL,0,0,0,24000,NULL),(2,2,NULL,NULL,NULL,0,0,0,176000,NULL),(3,2,NULL,NULL,NULL,0,0,0,27000,NULL),(4,2,NULL,NULL,NULL,0,0,0,125000,NULL),(5,2,NULL,NULL,NULL,0,0,0,36000,NULL),(6,2,NULL,NULL,NULL,0,0,0,2524000,NULL),(7,2,NULL,NULL,NULL,3512000,667280,0,4179280,NULL),(8,2,NULL,'2025-03-15',NULL,3500000,665000,0,4165000,NULL),(9,2,NULL,'2025-03-15','2025-04-14',21000,3990,0,24990,'dfdhdfghfg'),(10,2,NULL,'2025-03-15','2025-04-14',3512000,667280,0,4179280,'sgdgfg'),(11,2,NULL,'2025-03-15','2025-04-14',3512000,667280,0,4179280,''),(12,2,NULL,'2025-03-15','2025-04-14',149000,28310,0,177310,''),(13,2,NULL,'2025-03-28','2025-04-27',80000,15200,0,95200,''),(14,2,NULL,'2025-03-28','2025-04-27',258000,49020,0,307020,''),(15,2,NULL,'2025-03-28','2025-04-27',167000,31730,0,198730,''),(16,2,NULL,'2025-03-28','2025-04-27',125000,23750,0,148750,''),(17,2,NULL,'2025-03-28','2025-04-27',224000,42560,0,266560,''),(18,2,NULL,'2025-03-28','2025-04-27',274000,52060,0,326060,''),(19,2,NULL,'2025-03-28','2025-04-27',174000,33060,0,207060,''),(20,2,NULL,'2025-03-28','2025-04-27',181000,34390,0,215390,''),(21,2,NULL,'2025-03-28','2025-04-27',500000,95000,0,595000,''),(22,2,NULL,'2025-03-28','2025-04-27',37000,7030,0,44030,''),(23,2,NULL,'2025-03-28','2025-04-27',117000,22230,0,139230,''),(24,2,NULL,'2025-04-07','2025-05-07',149000,28310,0,177310,''),(25,2,NULL,'2025-04-07','2025-05-07',2125000,403750,0,2528750,''),(26,2,NULL,'2025-04-07','2025-05-07',225000,42750,0,267750,''),(27,2,NULL,'2025-04-07','2025-05-07',225000,42750,0,267750,''),(28,20,NULL,'2025-04-07','2025-05-07',1042000,197980,0,1239980,''),(29,2,NULL,'2025-04-07','2025-05-07',175000,33250,0,208250,''),(30,21,NULL,'2025-04-08','2025-05-08',573600,108984,0,682584,''),(31,21,NULL,'2025-04-08','2025-05-08',573600,108984,0,682584,''),(32,2,NULL,'2025-04-08','2025-05-08',2000000,380000,0,2380000,''),(33,2,NULL,'2025-04-08','2025-05-08',857000,162830,0,1019830,''),(34,22,NULL,'2025-04-08','2025-05-08',1000000,190000,0,1190000,''),(35,2,NULL,'2025-04-08','2025-05-08',120000,22800,0,142800,'Enviar a bogota'),(36,2,NULL,'2025-04-09','2025-05-09',125000,23750,0,148750,''),(37,2,NULL,'2025-04-11','2025-05-11',175000,33250,0,208250,''),(38,2,NULL,'2025-04-12','2025-05-12',1000000,190000,0,1190000,'Prueba web mysql'),(39,2,NULL,'2025-04-13','2025-05-13',600000,114000,0,714000,''),(42,2,NULL,'2025-04-19','2025-05-19',12000,0,0,12000,''),(43,2,NULL,'2025-04-19','2025-05-19',62000,0,0,62000,''),(44,2,NULL,'2025-04-19','2025-05-19',500000,0,50000,450000,''),(45,2,NULL,'2025-04-19','2025-05-19',1015000,172500,100000,1087500,''),(46,2,NULL,'2025-04-19','2025-05-19',16000,1600,0,17600,'Compra contra entrega ');
/*!40000 ALTER TABLE `ventas_t` ENABLE KEYS */;
UNLOCK TABLES;
/*!40103 SET TIME_ZONE=@OLD_TIME_ZONE */;

/*!40101 SET SQL_MODE=@OLD_SQL_MODE */;
/*!40014 SET FOREIGN_KEY_CHECKS=@OLD_FOREIGN_KEY_CHECKS */;
/*!40014 SET UNIQUE_CHECKS=@OLD_UNIQUE_CHECKS */;
/*!40101 SET CHARACTER_SET_CLIENT=@OLD_CHARACTER_SET_CLIENT */;
/*!40101 SET CHARACTER_SET_RESULTS=@OLD_CHARACTER_SET_RESULTS */;
/*!40101 SET COLLATION_CONNECTION=@OLD_COLLATION_CONNECTION */;
/*!40111 SET SQL_NOTES=@OLD_SQL_NOTES */;

-- Dump completed on 2025-04-21 18:15:08
